<?xml version="1.0" encoding="UTF-8"?>
<project-private xmlns="http://www.netbeans.org/ns/project-private/1">
    <editor-bookmarks xmlns="http://www.netbeans.org/ns/editor-bookmarks/2" lastBookmarkId="0"/>
    <open-files xmlns="http://www.netbeans.org/ns/projectui-open-files/2">
        <group>
            <file>file:/C:/Users/giraf/Documents/School/CSE336/Github/CSE336/Homework4/WebApp/web/WEB-INF/web.xml</file>
            <file>file:/C:/Users/giraf/Documents/School/CSE336/Github/CSE336/Homework4/WebApp/src/java/Servlet.java</file>
            <file>file:/C:/Users/giraf/Documents/School/CSE336/Github/CSE336/Homework4/WebApp/web/index.html</file>
        </group>
    </open-files>
</project-private>
